Company ,Sector,Subsector,Revenue (m€),EBITDA (m€),Margin (%),Description,Owner,Advisor,Stage,Timing,Comment,Last Update,Source,Deal Type,Geography
Ingesan,Construction/Real Estate,Facility Management,140,3.6,3% ,"Leading player in facility management, cleaning, and urban services in Spain.",OHLA,Santander and Caixabank,Strong Rumor,2026,"Press reports expect it to come to market in June, with a valuation of €70-100m. Portobello is very interested and already tried to acquire it in 2024.",6/4/26,https://www.expansion.com/empresas/inmobiliario/2026/06/03/6a1f4f1a468aeb686a8b45b6.html,PE Exit,Spain
Terratest,Construction/Real Estate,Foundations & Geotechnical Engineering,145,20,14% ,"International group and leader in special foundations, ground improvement, microtunnelling, and geotechnical works.","Platinum Equity (100%), New shareholding structure: Casais Engenharia e Construção 100%",Houlihan Lokey,Closed,,,10/3/25,https://www.elconfidencial.com/empresas/2025-10-03/terratest-concurso-venta-casais-constructora_4219616/,PE Exit,Spain
Clece,Construction/Real Estate,Facility Management,1819,97,5% ,"ACS main division dedicated to integrated maintenance services for buildings, public spaces, and organizations, as well as personal care services.",ACS Services and Construction SL,M&A: Société Générale and Bank of America ,Phase I,Short / Medium Term,Spanish investment fund manager Stoneshield Capital is in talks with ACS regarding the potential acquisition of a significant stake in Clece's shareholding structure.,10/22/25,https://cincodias.elpais.com/companias/2025-05-16/acs-reaviva-la-venta-de-clece-y-preve-colocar-el-50-del-negocio-de-centros-de-datos-antes-del-verano.html,,Spain
Lico Cosmetics,CPG & Retail,Cosmetics,20,5,25% ,Cosmetic engineering laboratory that develops skincare formulas and has a dedicated online sales platform. Its differentiation is based on selling natural cosmetics products.,Founder,Blue Bull,Strong Rumor,,,6/8/26,,,Spain
Natac,CPG & Retail,Dietary Supplements,48,23,48% ,"Natac specializes in the production of sustainable plant extracts with proven health benefits. The company was originally a leading operator in the research, development, production and commercialization of natural ingredients mainly derived from plant extracts.","Founders (60%), Inveready (12%), Onchena (6%)",Nomura,Postponed,,"The sale has been postponed; they are going to acquire a competitor. L Catterton, PAI Partners and Eurazeo have submitted non-binding offers for Natac.",1/23/26,https://www.eleconomista.es/capital-riesgo/noticias/13741156/01/26/natac-confirma-su-plan-de-compras-y-anuncia-una-ampliacion-de-capital.html,n.a. ,Spain
Uvesco,CPG & Retail,Supermarkets,"1,000",100,,Food distribution group (BM Supermarkets and Super Amara) focused on quality and local suppliers.,PAI Partners (Majority),,Closed,,Potential MBO to acquire 70%,12/23/25,https://www.expansion.com/empresas/2025/12/23/694b183d468aeb985e8b45c0.html,n.a ,Spain
Frulact,CPG & Retail,Fruit Preparations,270,45,,"FRULACT, founded in Portugal in 1987, specializes in creating customized solutions such as fruit preparations and plant-based products.","Ardian (100%), New shareholder: Investindustrial (100%)",Evercore,Closed,,EV: EUR 600 M,11/11/25,https://www.expansion.com/empresas/2025/11/10/69111cd0468aeb2a548b45b6.html,LBO,Spain
Goiko Grill,CPG & Retail,Franchised Restaurants,n.a,21,#VALUE!,"Restaurant chain specialized in gourmet burgers, offering high-quality products and a unique dining experience.","L.Catterton (80%) and Andoni Goicoechea (20%). New shareholding structure: Capza (80%), Founder (20%)",M&A: Rothschild and Arcano VDD-PWC,Closed,,,11/7/25,"https://www.elconfidencial.com/empresas/2025-09-02/goiko-grill-hamburguesa-lcatterton-capza_4200236/#:~:text=control%20a%20Capza%2C%20el%20fondo,deuda%20tampoco%20ha%20podido%20cerrarse",PE Exit,Spain
GRUPO ALSUR,CPG & Retail,Frozen Foods,47,3,,"Specialized in high-quality canned vegetables and frozen products. With extensive experience, it has built a strong international presence.",Acon Investments (100%),M&A: DC Advisory,Closed,,,11/4/25,"https://www.webcapitalriesgo.com/quarza-desinvierte-de-alsur-vendiendo-su-participacion-a-acon/#:~:text=Quarza%20Inversiones%20firma%20liderada%20por,la%20familia%20Jim%C3%A9nez%20de%20Antequera",,Spain
Rujamar,CPG & Retail,Poultry Products,39,8,,"Spanish company specialized in the production and distribution of eggs and products from free-range hens, committed to sustainability and animal welfare.",Rubén Martínez García (100%). Tresmares previously held 25%,"Tresmares, Financing: BBVA and Caixabank",Closed,,,11/4/25,"https://www.webcapitalriesgo.com/tresmares-capital-acuerda-la-venta-de-su-25-en-rujamar-al-fundador-del-grupo/#:~:text=Una%20apuesta%20por%20el%20crecimiento,sostenible",,Spain
Nox Sport,CPG & Retail,Sports Equipment,50,,,Producer of sports equipment for padel/tennis.,"Tresmares Capital, GPF Partners and Founder. New shareholding structure: GPF, Oakley Capital (majority) and Jesús Balivé",TAxDD: EY,Closed,,Definitive agreement closed,10/15/25,https://www.expansion.com/empresas/2025/10/15/68ee9870e5fdea210b8b4583.html,PE Exit,Spain
Andreu World,CPG & Retail,Office Furniture,115,30,26% ,"Andreu World ha acaparado la expectación en los recent years por haber conseguido colocar sus muebles en las oficinas de alguna de las organizaciones and companys más reputadas del mundo (Netflix, Google, Yale). El 85% de los ingresos de la company ya llegan de fuera de Spain,",Founders,Arcano,Confirmed,,Seeking a minority partner,5/25/26,https://www.eleconomista.es/capital-riesgo/noticias/13932132/05/26/el-proveedor-de-las-sillas-de-google-y-netflix-busca-socio-para-expandirse.html ,PE Entry,Spain
Brasmar Group,CPG & Retail,Frozen Foods,n.a.,28,,"Portuguese processor and distributor of chilled and frozen fish and seafood products, specialized in cod and cephalopods.","MCH Private Equity (25%), Vigent Group (50%), Oxy  Capital (25%)","M&A: Rothschild, VDD: Deloitte",Closed,,,9/1/25,https://www.eleconomista.es/capital-riesgo/noticias/13524509/08/25/mch-desinvierte-en-el-grupo-luso-de-pescado-y-marisco-congelado-brasmar.html,PE Entry,Spain
SKLUM,CPG & Retail,Home Decoration,300,12,,"Leading interior decoration company, recognized for innovative furniture designs while maintaining high quality standards at affordable prices.",DIRELEC GROUP SL and Trilantic (minority),M&A: Deloitte,Closed,,,8/8/25,https://www.eleconomista.es/capital-riesgo/noticias/13497476/08/25/trilantic-regresa-de-compras-a-espana-y-entra-en-la-cadena-online-de-muebles-sklum.html,PE Entry,Spain
Parques Reunidos,CPG & Retail,Amusement Park,820,76,,Manages parks of all categories worldwide (U.S. business only).,EQT Infrastructure IV EUR SCSP,JP Morgan,Closed,,,3/19/25,https://www.expansion.com/empresas/2025/03/19/67da9c9e468aeb12408b457d.html,MBO,Spain
Codorniu,CPG & Retail,Wine and Sparkling Wine,232,50,22% ,Group bodeguero and de cava con más de 450 years de historia; productor leader and referente en Spain,The Carlyle Group (68%); Family owned (32%),Morgan Stanley & Santander,Confirmed,2026,Henkell (Freixenet Interesado),5/6/26,https://www.expansion.com/empresas/2025/06/16/684f42cb468aebec228b459f.html,,Spain
Global Coffee Industries ,CPG & Retail,Coffee Industry,38,3,8% ,"Productor de café dueño de grandes marcas (Catunambú), con capacidad productiva de 100k T/year. Maqúinas tostadoras industriales en Spain. Son capaces de offersr café en cualquier formato de packaging (cápsulas, industrial, retail)",Alter capital (10%),JB Capital,Confirmed,,,3/16/26,https://www.eleconomista.es/capital-riesgo/noticias/13822310/03/26/global-coffee-industries-ficha-a-jb-capital-para-encontrar-un-socio-inversor.html,,Spain
Maheso,CPG & Retail,Frozen Foods,145,15,10% ,Manufacturer de productos precocinados and congelados en Spain; offers una amplia gama de productos congelados desde ingredientes hasta comidas preparadas,"Martinez Homs
family
Soler Martinez
family
AldeaHernandez
family","M&A: AZ Capital 
VDD: PwC",Postponed,,"En solo cuatro years, la facturación de Maheso se ha disparado un 63%, El food service acapara el 58% de la facturación. Básicamente, dispensan de alimentos a cadenas de supermercados como Bon Precio, Lidl o Carrefour, entre otros, and también a restaurantes o companys de fast food como Burger King. Del 42% restante, el 23% de las sales llegan del retail and el 19% del canal internacional.
Componente alto de innovación de produto (introdujeron el nugget and el pollo frito estilo kentucky en Spain and los churros congelados en Japón)",2/9/23,https://cincodias.elpais.com/cincodias/2023/02/08/companias/1675882837_063674.html,,Spain
In-Store Media,CPG & Retail,Publicidad en punto de sale (omnicanal),105,16,15% ,"Company que se encarga de la publicidad omnicanal de las grandes cadenas de supermercados, and las grandes marcas. Trabajan en formato físico and digital. Son capaces de poner publicidad en cualquier superficie and formato.","Family Rodés (68%), Artá Capital (25%)",GBS Finance and Greenhill,Confirmed,,El proceso se vuelve a lanzar al mercado tres years depués del primer intento. A nivel sector Eurazeo compró Exterior plus.+30 % de crecimiento en las sales,1/15/26,https://www.eleconomista.es/capital-riesgo/noticias/13725965/01/26/arta-ficha-a-gbs-y-greenhill-para-relanzar-la-venta-de-instore-media.html,,Spain
Proquiga,CPG & Retail,Probiotics,16,3,19% ,"Proquiga Biotech operates in the biotechnology sector, focused on research, development, and production of biotechnology products and solutions for the food and healthcare industries. Key products include probiotics and enzymes.",100% Family-Owned Company,Arcano,Phase II,,,11/4/25,,PE Exit,Spain
La Flauta,CPG & Retail,Leisure & Free Time,57,9,16% ,"Group alimentario con varios restaurantes bajo el portfolio (Vinitius, Anxoita, Cervecería Catalana, Ciutat Comtal). Con 40 years de trayectoria, han abierto dos restaurantes en Madrid en 2025/2026, centrados en el vermut (tienen una bodega propia) and el tapeo",GPF,,Weak Rumor,,,11/4/25,,PE Exit,Spain
Alvic,CPG & Retail,Home and Decoration,300,60,20% ,"Manufacturer leader de paneles and componentes para muebles and decoración (tecnologías Luxe, Zenit, Syncron), con global presence.","KKR (64.81%), Arta (20.19%), Corp. Fin. Alba (9.46%)",n.a.,Weak Rumor,Medium / Long Term,KKR and Artá invested in 2019 and appointed a new CEO in 2025.,11/4/25,,Change of Control,Spain
Arofa,CPG & Retail,Frutas Frescas,100,35,35% ,Vertically integrated distributor specialized in fruit and vegetable crops and nuts.,Family Arotzarena Marín,n.a.,Phase II,Short / Medium Term, La company is negotiating la entrada en su capital de Azora (majority) and JB Capital (minority),10/31/25,https://www.expansion.com/empresas/2025/10/08/68e57825468aebc8398b458e.html,,Spain
AG Olives,CPG & Retail,Olives,n.a.,40-50,#VALUE!,"Specialized in the table olive industry. Global activity, with presence in more than 50 countries.",Alantra (51%) and Group Aceitunas Guadalquivir (49%),M&A: DC Advisory,Phase I,,Apollo is maintaining preliminary contacts.,10/27/25,https://www.elconfidencial.com/empresas/2025-10-27/apolo-explora-compra-agolives-aire-proceso-venta-alantra_4234590/,PE Exit,Spain
Avanza Food,CPG & Retail,Franchised Restaurants,25,negativo,#VALUE!,Owner of Tony Roma's and Carl's Jr restaurants,Abac Capital,Deloitte,Strong Rumor,,"Actualmente en concurso de acreedores, si se llega a un acuerdo puede que salga al mercado con un descuento ya que el negocio es viable. En 15 dias si no hay acuerdo entre la banca and la company, se podria explorar la sale de la unidad productiva valorada en 1.7 millones",10/6/25,https://www.eleconomista.es/capital-riesgo/noticias/13571634/10/25/abac-busca-comprador-para-el-dueno-de-tony-romas-tras-caer-su-reestructuracion.html,Fund investing in hydrogen projects,Spain
PortAventura WORLD,CPG & Retail,Amusement Park,300,129,43% ,"Resort temático leader que offers parques acuáticos, hoteles and otras experiencias temáticas.","KKR & Co. (49.9%), Investindustrial (51.1%)",JP Morgan,Confirmed,Medium / Long Term,El CEO againsttado por Investindustrial no has been capaz de vender el stake en el parque and has been destituido.,9/4/25,,n.a. ,Spain
Moyca,CPG & Retail,Frutas Frescas,190,29,15% ,"Productor and comercializador de uva de mesa sin semilla (Murcia), con más de 70.000 toneladas/year and fuerte actividad exportadora.","ProA (50%); Founders (30%), Enrique Moya (15%)",Deutsche Bank,Phase I,Short / Medium Term,Several funds interested.,6/23/25,https://www.eleconomista.es/capital-riesgo/noticias/13420694/06/25/proa-resucita-el-apetito-por-su-compania-agricola-moyca-tras-lograr-resultados-record.html,,Spain
La Casa de las Carcasas,CPG & Retail,Mobile Accessories,70,n.d.,#VALUE!,"Leading retailer de accesorios para móviles con más de 800 tiendas en Europa and Latin America, además de sales online.",ProA Capital (65%),Arcano,Confirmed,,,3/14/25,https://www.elconfidencial.com/empresas/2025-03-14/proa-encarga-arcano-venta-casa-carcasas_4085211/,MBO,Spain
PARASOL MEDIA,CPG & Retail,Leisure & Free Time,45,6,13% ,Leader de servicios de iluminación profesional para el sector audiovisual en Spain. Es leader en el segmento de entretenimiento (programas de tv) and está aumentado su presencia en ficción (series and películas).,Buenavista Equity Partners,n.a.,Strong Rumor,,"La company sigue creciendo de forma inorganica, para expand el precio, acquireon en 2025 una company Rcservice, de servicios de alquiler de cámaras cinematográficas, de esta forma tienne un service offering más completo para las producciones. Desde iluminación, espacios para grabación, groups electrógenos silenciosos and ahora equipos de cámara",2/14/25,https://www.expansion.com/empresas/2025/02/14/67ae4c5be5fdeaeb558b4583.html,n.a. ,Spain
Citri&Co,CPG & Retail,Frutas Frescas,831,110,13% ,Leader europeo en production and distribution (vertical integration) de fruta fresca.,Miura,M&A: William Blair & Greenhill; FVDD: KPMG,Confirmed,Medium / Long Term,,1/12/25,https://www.expansion.com/empresas/2025/01/12/67840bdae5fdea41658b458c.html,n.a ,Spain
Agroptimum,CPG & Retail,Agricultural Technology,15,6,40% ,"Agróptimum specializes in soluciones agrícolas innovadoras, con un enfoque particular en el cultivo and optimización de pistachos. La company offers a los agricultores tecnologías avanzadas, servicios de asesoría and prácticas sostenibles para maximizar el rendimiento and la calidad del pistacho.","Ángel Minaya
(100%)","Deloitte
Borja Migoya",Confirmed,,"El vivero de pistacho más grande de europa. Capacidad productiva de >1 M de plantas. Su punto fuerte es que sus plantas de pistacho injertadas comienzan a ser productivas a los 4 years vs. 10 years (metodo tradicional). Además tienen un línea de servicios de ingeniería agrícola para fincas que quieran cultivar pistacho. Por último tienen una planta procesadora de pistacho capaz de tratar el pistacho en todas sus formas (Con cáscara, harinas, cremas, etc)",12/16/24,https://www.expansion.com/empresas/2024/12/16/675f3e82468aeb875b8b458d.html,PE Entry,Spain
Aire Ancient Baths,CPG & Retail,Leisure & Free Time,72,30,42% ,Operator premium de experiencias termales and de bienestar en ubicaciones icónicas internacionales.,"Armando Prados, Amós Milton García Orozco and Adrián Martínez",Deloitte,Confirmed,,,12/11/24,"https://www.elconfidencial.com/espana/andalucia/2025-03-08/aire-ancient-bath-abre-su-segundo-centro-en-nueva-york-y-ultima-los-angeles-y-toronto_4081097/#:~:text=contrat%C3%B3%20a%20Deloitte%20con%20el,que%20busque%20un%20inversor%20financiero",n.a. ,Spain
A Contracorriente Films,CPG & Retail,Film Production Company,40,12,30% ,Spanish film production and distribution company.,Suma Capital,Lazard,Confirmed,2026,"La company está considerando una expansión internacional, cerrando varias adquisiciones en los recent years",11/9/24,https://www.eleconomista.es/capital-riesgo/noticias/13091263/11/24/suma-capital-ficha-a-lazard-para-vender-el-40-de-la-productora-a-contracorriente.html,PE Exit,Spain
Cualin Quality,CPG & Retail,Vegetables,32,3,9% ,"Specialized in the production and commercialization of tomatoes, promoting green technology and agricultural innovation.","Realza Capital (73%), Boekel and Jorobica (14%), Nieuwgeest (11%)",M&A: Escala Capital; FVDD: KPMG,Phase II,,"The news reports that the process is at an advanced stage, but one year has passed with no updates",10/11/24,https://www.eleconomista.es/capital-riesgo/noticias/13027817/10/24/realza-pone-a-la-venta-la-agricola-cualin-y-atrae-a-grupos-extranjeros.html,n.a ,Spain
Elmubas Petfood Group,CPG & Retail,Pet Food,123,27,22% ,Dedicada a la production and distribution de alimentos de high quality para mascotas.,Portobello,M&A: William Blair; FVDD: EY; CVDD: McKinsey,Confirmed,,Expected to resume in the second quarter of 2026.,7/12/24,https://www.expansion.com/empresas/2024/06/12/6668907d468aeb2a0d8b456e.html,n.a ,Spain
Herogra,CPG & Retail,Fertilizers,149,8,5% ,"Herogra Fertilizantes S.A. es un actor clave en el ámbito agrícola, dedicated to providesr fertilizantes de vanguardia para mejorar la productividad de los cultivos.","Romemartin SL (44%), Sr Juan Ruiz Romero (39%), Neoagrico SL (15%)","M&A: BBVA, FVDD: EY",Strong Rumor,,,12/6/23,https://cincodias.elpais.com/companias/2023-12-07/la-compania-de-fertilizantes-herogra-contrata-a-bbva-para-explorar-su-venta.html,n.a ,Spain
Flex,CPG & Retail,Mattresses,372,60,16% ,Manufacturer and comercializador de productos de cama a través de tiendas físicas and online.,"Aurica (30%), Family (70%)",Bank of America,Weak Rumor,Medium / Long Term,La gestora española engordará el group con adquisiciones en el mercado de gama alta,1/31/23,https://www.eleconomista.es/capital-riesgo/noticias/12128779/01/23/Ivan-Plaza-Aurica-Flex-no-esta-en-venta-buscamos-nuevas-compras-en-el-segmento-premium.html,,Spain
Albali Centros de formación,Education,Vocational Training,16,8,50% ,Company operating training centers that has just created a new business school to enter the higher education market.,Founder,Atefi,Closed,,Natixicap has acquired it.,1/27/26,https://www.eleconomista.es/capital-riesgo/noticias/13745348/01/26/el-grupo-galo-eureka-compra-albali-y-entra-en-el-sector-educativo-en-espana.html,PE Exit,Spain
Universidad Alfonso X El Sabio (UAX),Education,Higher Education,115,n.d.,,"Private university based in Madrid that offers a wide range of undergraduate and postgraduate programs, with a strong focus on employability and international environments.","CVC (Majority), New shareholding structure: Cinven (70%)","Santader, CDD: A&M. VDD: Rothschild",Closed,,,11/4/25,"https://cincodias.elpais.com/companias/2025-10-24/cinven-compra-la-universidad-alfonso-x-por-2000-millones.html#:~:text=La%20oferta%20ganadora%20cuenta%20con,CVC%20Capital%20Partners%20VII",PE Exit,Spain
Northius,Education ,Edtech,85,29,34% ,"Northius es un group educativo, focused on la educación digital, cuenta con 10 centros que offersn servicios a diferentes industrias (sanidad, formación técnica, deporte), con más de 65k alumnos",Invest Industrial,M&A: Rothschild DC Advisory,Confirmed,Medium Term,,10/6/25,https://www.elconfidencial.com/empresas/2025-10-06/investindustrial-relanza-northius-plena-fiebre-educativa-tras-venta-fallida-600m_4221825/,LBO,Spain
Zero Waste Energy,Energy and Environment,Plantas de generación eléctrica,106,,,"Tienen 6 instalaciones industriales: 2 plantas de cogeneración, 2 de biomasa and otras 2 de cogeneracion para le tratamiento de purines",Suma Capital,PWC,Confirmed,,"Tienen otras portfolio companies que pueden salir a la sale proximamente (Gestcompost, acquisitionda en 2020 and SC Renewable production, acquisitionda en 2021)",2/25/26,https://www.eleconomista.es/capital-riesgo/noticias/13754936/02/26/el-fondo-suma-capital-pone-a-la-venta-la-plataforma-zero-waste-energy.html,Spin off ,Spain
EQA,Energy and Environment,Emissions Certification,17,7,41% ,Company responsible for verifying greenhouse gas emissions and conducting environmental audits. It is positioned among the main certification bodies in Spain.,Founder,KPMG,Closed,,,12/21/26,https://www.eleconomista.es/capital-riesgo/noticias/13700032/12/25/corpfin-y-arta-abren-la-puja-por-la-empresa-de-certificacion-eqa.html,LBO,Spain
Matrix Renewables,Energy and Environment,Renewable Infrastructure,30,7.6,25% ,"Prodcutor Independiente de enegía totalmente integrado. Desarrollan, construyen, financian and operan activos de energy renovables en mercados clave como Spain, Estados Unidos, Italia, United Kingdom and Chile, con planes de expansión a Alemania.",TPG Capital,Evercore,Postponed,,"Los nombres del gigante canadiense Brookfield, el estadounidense Apollo o fondos de Oriente Medio se barajan como potenciales candidatos, EV: 2B €. No news desde hace >1año",6/8/26,https://www.eleconomista.es/capital-riesgo/noticias/13569379/09/25/tpg-relanza-la-venta-de-matrix-renewables-y-ficha-a-evercore-para-buscar-comprador.html,,Spain
"Sirocco Winco 2,",Energy and Environment,Wind Farms,,,#DIV/0!,Portfolio of wind farms (100 MW).,Glemont Partners (100%),Rothschild,Confirmed,2026,,11/12/25,https://www.eleconomista.es/energia/noticias/13638804/11/25/glennmont-ficha-a-rothschild-para-vender-el-negocio-eolico-en-espana-que-compro-a-la-saudi-alfanar.html,n.a ,Spain
CIP (Various hydrogen projects),Energy and Environment,Hydrogen,"4,000",n.d.,#VALUE!,"Copenhagen Infrastructure Partners leads the Catalina project in Spain (Monegros, Teruel), with 500 MW of electrolysis and 84 kt/year of green H_.",Copenhagen Infrastructure Partners (100%),,Weak Rumor,,,11/4/25,,LBO,Spain
X-Elio,Energy and Environment,Solar Energy,n.d.,n.d.,#VALUE!,"Global developer and operator of utility-scale solar projects and net-zero solutions (PPAs, storage, hydrogen).",Brookfield (100%),Santander and Barclays,Confirmed,2026,,10/31/25,https://www.eleconomista.es/capital-riesgo/noticias/13620164/10/25/brookfield-activa-la-venta-de-su-plataforma-de-renovables-xelio-por-mas-de-2000-millones.html,PE Exit,Spain
TotalEnergies (Spanish Renewables Portfolio),Energy and Environment,Renewable Energies,n.d.,n.d.,#VALUE!,"Renewable portfolio in Spain (solar/wind), with notable projects such as the Guillena photovoltaic cluster (263 MW).",TotalEnergies,n.a ,Strong Rumor,,The US assets have been sold; Spain is expected next,9/30/25,https://www.investing.com/news/stock-market-news/totalenergies-eyes-50-stake-sales-in-us-spain-renewable-assets--bloomberg-93CH-4085446?utm_source=chatgpt.com,PE Entry,Spain
Iberdrola (20 plantas de cogeneracion ),Energy and Environment,Power Generation,n.d.,n.d.,#VALUE!,"Historical cogeneration portfolio in Spain comprising around 20 plants (~300 MW), currently in a divestment process.",Iberdrola,PwC,Confirmed,Short / Medium Term,,4/14/25,https://www.eleconomista.es/energia/noticias/13315938/04/25/iberdrola-arranca-la-venta-de-su-cogeneracion-con-sus-plantas-de-purines-de-50-mw.html,PE Divestment,Spain
RIC Energy,Energy and Environment,Renewable Energy Development,141,80,57% ,"Multi-technology developer (solar, green hydrogen and derivatives, biogas, storage) with presence across several continents.",Founder,Lazard,Confirmed,,,2/9/25,https://www.expansion.com/empresas/2025/02/09/67a91e7e468aeb42708b457a.html,n.a ,Spain
GRI Renewable Industries,Energy and Environment,Wind Manufacturing,1126,177,16% ,Manufacturer industrial global specialized in secciones tubulares and bridas para torres eólicas.,"Gonvarri  (75%)
Mitsui & Co (25%)",Lazard,Confirmed,Short / Medium Term,,1/21/25,https://www.eleconomista.es/capital-riesgo/noticias/13179118/01/25/gonvarri-y-mitsui-abren-el-capital-de-gri-renewables-para-que-entre-un-nuevo-socio.html,,Spain
DH2 Energy,Energy and Environment,Hydrogen,120,n.d.,#VALUE!,Renewable hydrogen developer with ~15 GW under development; its Hysencia project in Aragón plans 35 MW of electrolysis and won the first Hydrogen Bank auction.,Founders,Nomura,Confirmed,Medium Term,They continue expanding their business,11/30/23,https://www.expansion.com/empresas/energia/2023/11/30/6567ce13468aeb414c8b46c3.html,PE Exit,Spain
PayFlow,Financial Services,Fintech,9.6,2.4,25% ,"Plataforma que permite a los empleados recibir su salario bajo demanda. Los trabajadores pueden administrarse mejor el sueldo, lo que resulta en mejores tasas de absentismo, reducción de la rotación. Trabajan con + 1000 companys, de gran tamaño, principalemente en sectores donde el la nómina puede devengarse antes del fin de mes","Seaya, Rocket Internet, Cathay Innovation, 6 Degrees Capital o Cusp Capital",Arcano,Confirmed,,,2/20/26,https://www.eleconomista.es/capital-riesgo/noticias/13785833/02/26/la-tecnologica-payflow-contrata-a-arcano-para-preparar-su-venta.html ,,Spain
Auxadi,Financial Services,Gestión Contable,34,17,50% ,"La company offers servicios de contabilidad, gestión de tesrería, operando en +50 countries. Principalmente sus clientes son fondos","Founders (60%), Inflexion (40%)",EY,Strong Rumor,,"El 50% de su cartera de clientes son fondos de real estate, también trabajan con fondos de private equity, fondos de infra and multinacionales. Se espera que Inflexion venda su 40% en 2026, después del fracaso de las negociaciones en 2024",2/12/26,,,Spain
Diaphanum,Financial Services,Asset Management,,2,#DIV/0!,"La company tiene 3.744 millones de activos bajo gestión,",Founders,PWC,Closed,,"MBO completado, vendieron un 10% a Kartesia",5/5/26,https://www.elconfidencial.com/mercados/2026-05-05/diaphanum-kartesia-rafael-gasco-ceo_4350317/,PE Exit,Spain
Deudafix,Financial Services,Debt Mediation and Cancellation,12,1.6,13% ,"Company specialized in debt mediation and cancellation services under Spain's Second Chance Law, operating in a nascent and underpenetrated market. It has completed more than 8,000 debt relief cases.","Matthew Osborn (40%), Axon Partners (20%)",Lincoln International,Confirmed,,,1/5/26,https://www.eleconomista.es/capital-riesgo/noticias/13695622/12/25/la-plataforma-de-mediacion-de-deudas-deudafix-sale-al-mercado-en-busca-de-comprador.html,PE Exit,Spain
Indiba,Health,Equipos de radiofrecuencia,44,15.7,36% ,"INDIBA Group leader mundial en tecnología médica and estética basada en radiofrecuencia a 448 kHz, con 40 years de trayectoria. Su tecnología propietaria se aplica a múltiples segmentos: estética and belleza, rehabilitación deportiva, salud íntima, medicina estética and salud animal, con global presence a través de filiales propias and distribuidores locales en más de 70 countries","Miura (52.3%), Charme (27.58%)",Evercore,Confirmed,Early stage,"Recientemente ha reforzado su posicionamiento en láser médico con la integración de K-Laser (Eltech K-Laser, Italia)",6/4/26,https://www.eleconomista.es/capital-riesgo/noticias/13952323/06/26/indiba-el-tratamiento-que-usan-los-deportistas-de-elite-prepara-su-venta.html ,n.a ,Spain
Ziacom,Health,Implantes Dentales,25,3,12% ,"Diseño, manufacturing and distribution de implants dentales, componentes protésicos, instrumental quirúrgico and otros biomateriales. Cuentan con 4000 metros cuadrados de superficie productiva, con una capacidad de 1M de implants al year",Suma Capital,,Weak Rumor,,Adquirida en 2022,6/3/26,,Buyback,Spain
LipoTrue,Health,Cosmetics,17,8,47% ,Manufacturer and distribuidor de agentes activos para productos cosméticos ,Founder,Deloitte,Weak Rumor,,,6/3/26,,,Spain
HTG,Health,Ambulancias,375,42,11% ,"Lider en el mercado de español de servicios de ambulancias, con 3000 vehiculos en la flota",Equitix & GCM Grosvenor,DC Advisory,Confirmed,2026,"Early stage, se espera que salga al mercado después del verano, last update, DC advisory ganó el beauty contest",6/2/26,https://www.expansion.com/empresas/2026/06/02/6a1dbf66e5fdea3d058b45ad.html ,PE Exit,Spain
Top Doctors,Health,Plataforma Telemedicina,22.5,,,"Offers recommendation services for private healthcare specialists. Cuenta con 100k registered professionals en 8 countries. Ingresos por búsqueda de especialistas (75%) e revenue from technology consulting para private clinics and hospitals (25%), quieren desarrollar está última",Varios Fondos De VC,Stiffel,Confirmed,,,5/20/26,https://www.eleconomista.es/capital-riesgo/noticias/13791370/02/26/los-fondos-fichan-a-stifel-para-encontrar-comprador-para-top-doctors.html,PE Exit,Spain
Unavets,Health,Veterinary Services,94,17,18% ,"Group que engloba 161 centros en Spain and Portugal,, con un equipo de más de 1.500 profesionales. Offersn a las clínicas asociadas servicios administrativos (finanzas, RRHH, marketing, logistics) además de los servicios veterinarios",Oaktree Capital,"Jefferies, EY (VDD)",Weak Rumor,,"Oktree sigue engordando la company con nuevas adquisiciones. En abril entró Santalucia (company de seguros en el accionariado), con una participación minoritaria, veo poco probable que salga a la sale proximamente",4/1/26,https://capital-riesgo.es/es/articles/santaluc-a-entra-en-el-accionariado-de-unavets/,PE Divestment,Spain
Nektium,Health,Botánica,19,4,21% ,Manufacturan medicinas and tratamientos usando ingredientes botánicos. Aplican su know how como manufacturero para producir otros medicamentos (againstct development and againstct manufacturing),Founder,Deloitte,Strong Rumor,,Dépendance russe,2/12/26,,PE Entry,Spain
Serveo (linea de Servicios Sociales),Health,Servicios a las personas dependientes,,20,#DIV/0!,"Divisón de servicios a las personas mayores and dependientes, Portobello quiere vender las divisiones que nos son Facility Management puro",Portobello (100%),Greenhill,Confirmed,,,1/29/26,https://gestionydependencia.com/noticia/6948/empresas/portobello-inicia-la-venta-del-area-social-de-serveo-una-operacion-que-redefinira-el-mapa-de-la-dependencia.html ,PE Entry,Spain
3P Biovian,Health,CDMO,75,23,31% ,"El group 3PBIOVIAN (3P Biopharma + Biovian) offers servicios de development and manufacturing de principio a fin, para todos los sistemas de expresión de proteínas and vectores virales","Keensight (mayoritario), ERES IV (minoritario), Sodena (minoritario)",Moelis,Confirmed,2026,,11/24/25,https://www.expansion.com/empresas/2025/11/21/692015e1e5fdea617e8b4587.html,PE Exit,Spain
Vitaly,Health,Occupational Health & Safety Services for Companies,300,50,17% ,"Vitaly offers una cartera de servicios para la salud and seguridad  laboral a más de 180.000 companys en Spain, cubriendo una plantilla que alcanza los 2 millones de empleados.",Artá and Corpfin,Arcano VDD: BCG,Closed,,"Prevención de occupational risks, sector que despierta mucho interés entre los fondos de private equity. El year pasado, HIG compró Avanta Salud a MCH Private Equity en una transaction that also attracted strong interest en PAI Partners. Además, Atrys Health cerró ayer la sale de Aspy a Group Echevarne.",1/16/26,https://www.expansion.com/empresas/2026/01/16/696937cfe5fdea8f558b45a3.html,"PE Entry, sale of several sales platforms to EQT",Spain
Instituto Bernabéu,Health,Terapia Reproductiva,31,7,23% ,"Group specialized in reproductive therapies, with 8 clinics in Spain and one in Italy. More than 300 employees.",Family-owned,Deloitte ,Closed,,Buenavista Interested en expand su portfolio company Eugin con la acquisition del Instituto Bernabéu,11/19/25,https://www.expansion.com/empresas/2025/11/19/691cd940468aeb35078b45ab.html,PE Exit,Spain
Evidenze,Health,CRO,40,8,20% ,"Consultora and CRO sanitaria “integral” que offers servicios de research clínica, bioestadística, salud digital and acceso al mercado.",Buenavista Equity Partners,"M&A: William Blair, FVDD: KPMG, CVDD: LEK",Closed,2026,"Han optado por refinanciar la deuda, para tener mas tiempo para planeear la salida",10/24/25,https://www.eleconomista.es/capital-riesgo/noticias/13610411/10/25/evidenze-refinancia-deuda-con-eurazeo-y-se-prepara-para-salir-de-compras.html,Growth PE Entry,Spain
Asacpharma,Health,Pharmaceuticals,62,10,16% ,"Offers una amplia gama de medicamentos, inmunoterapia, dispositivos médicos and cosméticos.",Familia Quintanilla,Clearwater,Weak Rumor,,La company sigue expandiendo sus operaciones en el internacional,11/4/25,,,Spain
Healthincode,Health,Genetica,48,13,27% ,"Offers un rango diverso de medicamentos, inmunoterapia, aparatos medicos and cosmeticos.",Alantra,Rede Partners,Closed,,Continuation Fund,9/18/25,https://www.eleconomista.es/capital-riesgo/noticias/13544474/09/25/alantra-se-suma-a-los-fondos-de-continuidad-y-recomprara-health-in-code.html,PE Exit,Spain
Donte Group,Health,Dental Clinics,385,100,,"Offers a wide range of dental services, including implants, prosthetics, orthodontics, general dentistry, and aesthetics.","Advent, New shareholder: OTPP","M&A: JP Morgan, VDD: PwC,",Closed,,,7/15/25,https://www.informacion.es/economia/2025/07/15/fondo-pensiones-canadiense-otpp-compra-vitaldent-1000-millones-119712559.html,PE Divestment,Spain
Corus,Health,Healthcare,180,40,22% ,Lider europeo en el negocio de laboratorios and prosthetics dentales. Diseña and Fabrica las protesis,Management (30%); Careventures & Quadrum Capital (70%),M&A: DC Advisory,Strong Rumor,2026,DC advisory fichado para impulsar un plan de crecimiento inórganico,11/4/25,https://www.elconfidencial.com/empresas/2025-11-04/rey-europeo-protesis-dentales-fichan-dc-vender-500m_4237063/,PE Exit,Spain
BEMED-JEMED,Health,Protesis,25,9,36% ,Importación and distribution de implants quirúrgicos and biomecánicos. Distribuyen 4 marcas (hay concentración de cliente),"Talde Private Equity (40%), Orza Private Equity (40%)",Arcano,Phase I,,"Talde and Orza en negociaciones, se esperan más non-binding offers, EV 100 M €, se abrió el proceso en septiembre 25
Problème : 4 fournisseurs dont 2 d'entre-eux rachetés l'an dernier",10/28/25,https://www.elconfidencial.com/empresas/2025-10-28/capzan-egocia-con-talde-y-orza-la-compra-de-la-distribuidora-de-implantes-bemed-jemed-por-100m_4233952/,n.a ,Spain
Vitro,Health,Diagnóstico in vitro (IVD),35,10,29% ,"Productor and distribuidor de equipo, software and agentes para el sector de la salud. Especializada en diagnostico in vitro.","Buenavista Equity Partners (minoritario), Headway Capital Partners (mayoritario)",Evercore,Confirmed,Continuation Fund,"Buenavista vendió la división Cytognos en 2022, se espera que inicie la subasta del resto de la company en 2026. Anunciaron fondo de continuación; ils veulent vendre 20m€ d'EBITDA",10/14/25,https://www.eleconomista.es/capital-riesgo/noticias/13590730/10/25/buenavista-aprovecha-el-apetito-inversor-en-salud-y-pone-a-la-venta-vitro.html,PE Entry,Spain
Cecop,Health,Optics,n.a.,6-7,#VALUE!,"Association that brings together 3,000 optics professionals to offer them sales optimization services.",100% Family-Owned Company,Arcano,Phase II,,,4/8/24,https://www.expansion.com/empresas/2024/04/08/66131f09468aeb50068b459f.html,n.a ,Spain
Celesa,Industry,Herramientas de corte,22,8,36% ,"Manufacturer and distribuidor de la gama Blue Master de herramientas de corte, para taladradoras, sierras and otros instrumentos, principalmente para cortar superficies metálicas",Founders,Santander,Weak Rumor,,,6/3/26,,,Spain
JBM Campllong,Industry,Herramientas ,62,12,19% ,"Importación and distribution de herramientas destinadas a diferentes sectores automoción, suministros industriales, ferretería and bricolaje. Cuentan con 7500 metros cuadrados de almacén, con una gama de 7000 artículos",Founder,KPMG,Weak Rumor,,,6/3/26,,PE Exit,Spain
SIEX,Industry,Protección de Incendios,"Nicola: 30-40
Orbis: 26",Orbis: 10,38% ,"Diseño and manufacturing de sistemas de protección de incendios con agentes gaseosos (sin agua). Fuerte focus en instalaciones industriales, data centers and aquellos entornos donde la extinción del incendio ha de realizarse mediante agentes químicos. Cuenta con clientes en más de 70 countries ",Acon Investments (100%),,Weak Rumor,,Adquirida en 2023,6/3/26,,,Spain
Jeanologia,Industry,Industria Textil,45,8,18% ,"Desarrolla máquinas laser para el estampado Denim, una tecnología mucho más sostenible que reduce el uso de agua and químicos. Sus clientes son Levi's, Guess, Ecoalf o Uniqlo.","Founders (60%), Carlyle (40%)",Santander,Confirmed,,,5/6/26,https://www.expansion.com/empresas/2026/05/06/69fa2de7468aeb77198b457a.html ,Sale of US Business,Spain
Applus Iteuve,Industry,Talleres de ITV,100,26.8,27% ,"Applus+ Iteuve es el operator leader en Spain de estaciones de Inspección Técnica de Vehículos (ITV), con una red de más de 80 centros repartidos por todo el territorio nacional. Con +5M de clientes atendidos",I Squared and TDR,Morgan Stanley ,Confirmed,,,4/28/26,https://www.eleconomista.es/capital-riesgo/noticias/13892598/04/26/applus-ficha-a-morgan-stanley-para-vender-su-negocio-de-itv.html ,PE Exit,Spain
Salto Systems,Industry,Control de Accesos,432,70,16% ,Desarrolla and produce sistemas de control de accesos para una amplio abanico de industrias. ,"Alantra & Peninsula Capital ( both minority), management (majority)",,Strong Rumor,,Vuelve al mercado proximamente,2/12/26,,PE Exit,Spain
Localcom,Industry,Telecommunications,0.50,,- ,"Group de operatores de infraestrucura telco (internet.movil, TV), para particulares and pequeñas companys, focus en el mundo rural, pequeñas ciudaddes",Patrizia,Alantra,Confirmed,,Buscan inversion MINORITARIA de 20 M euros,1/21/26,https://www.eleconomista.es/capital-riesgo/noticias/13734306/01/26/patrizia-se-suma-a-la-fiebre-inversora-en-telco-y-busca-socio-para-su-operador-localcom.html ,n.a. ,Spain
Satlantis,Industry,Opticas Satelitales,50,15,30% ,"Satlantis diseña and produce opticss de alta and muy alta resolución para capturar imágenes, vídeo and polarimetría de la Tierra and también offers en algunos proyectos integrar sus cámaras en el satélite, operarlo and entregar los datos","Rafael Guzman (19%), Silo Ventures (15%), Orza (11%)",Arcano,Phase I,2026,,12/1/25,https://www.expansion.com/empresas/2025/12/01/692d4a44e5fdea8f368b45b3.html,,Spain
Talleres Mecánicos del Sur,Industry,Instalación and mantenimiento de equipos industriales,30,6,20% ,"Operator de servicios para plantas industriales, que offers mantenimiento, manufacturing de metal structures, reparación and limpieza.",Founders,Deloitte ,Strong Rumor,,"Fabricación de recipientes a presión: Intercambiadores de calor, Torres, aéreos, depósitos. Por lo que veo en su apgina web, la fabricacion es una de las 5 lineas de negocio que tienen, pero dificil saber el peso",11/17/25,,n.a ,Spain
EMDEP,Industry,Automotriz,110,2,2% ,Company española specialized in el diseño and manufacturing de herramientas and equipos para la industria automotriz.,"Diego Amores, Casanova, Julian Amores, Serrano",BNP,Weak Rumor,,,11/4/25,,,Spain
ERRI BERRI,Industry,Demolition and Waste Management,57,5,9% ,"Lider en demolición, desmantelamiento, gestión de residuos para los sectores industrial, energético, de infraestructuras,, instalaciones deportivas and edificaciones.",Felmar 2012 SL. (95%) and Felix Azcona Lacarra (5%),"M&A : GBS Finance, FVDD: Deloitte",Weak Rumor,,,11/4/25,,PE Entry,Spain
Molecor,Industry,Infraestructura de Agua,175,28,16% ,"Manufacturer de tuberías and accesorios de PVC-O para transporte de agua a presión (TOM and ecoFITTOM), para funciones de saneamiento, distribution de agua and edificación. Fuerte development tecnológico de sus productos.",MCH Private Equity (60%); Management and founders (40%),n.a.,Weak Rumor,,"En 2024, recibieron un préstamo de EUR 7 M para desarrollar su negocio en el extranjero",11/4/25,,,Spain
Tvitec,Industry,Vidrio,181,37,20% ,Tvitec es uno de los mayores procesadores de vidrio de alto rendimiento de Europa. Offers un sistema de manufacturing que incluye vidrio plano and curvo.,Francisco Javier Prado Ovalle,n.a.,Weak Rumor,,La company sigue en proceso de expansión,11/4/25,,PE Exit,Spain
Rovensa,Industry,Chemicals,180,n.d.,#VALUE!,"Group internacional de insumos agrícolas para una agricultura sostenible (biocontrol, bionutrición and protección de cultivos)",Management (14%); Bridgepoint (40.5%); Partners Group (40.5%); Privately owned (5%),HSBC & BNP Paribas,Weak Rumor,,,11/4/25,,PE Entry,Spain
Empark,Industry,Parking,172,90.6,53% ,"Operator of parking facilities and mobility solutions in Spain and Portugal, with its own brand and technology platform (Telpark).",Macquarie (100%),Greenhill & JP Morgan,Closed,Short / Medium Term,"EQT, KKR, Stone Peak, Infra Via, Partners Group, GIC and Allianz have submitted las non-binding offers",12/22/25,https://www.eleconomista.es/capital-riesgo/noticias/13696413/12/25/macquarie-recibe-ofertas-por-empark-y-limita-la-puja-a-fondos-de-capital-riesgo.html,PE Entry,Spain
Ascenza (Rovensa),Industry,Chemicals,40,n.d.,#VALUE!,"División de protección de cultivos de Rovensa; referente en genéricos diferenciados fuera de patente, con fuerte presencia en Iberia and Latin America.",Rovensa (50%) Bridgepoint (50%),HSBC & BNP Paribas,Confirmed,,Refinancing signed; they are still looking for buyers,10/29/25,https://cincodias.elpais.com/companias/2025-10-29/bridgepoint-y-partners-refinancian-mas-de-1000-millones-de-rovensa-y-avanzan-en-la-venta-de-su-division-de-herbicidas.html,PE Exit,Spain
Voreantis (Sacyr),Industry,Concessions,"1,000",n.d.,#VALUE!,Nuevo group vehicular operativo de activos P3 (brownfield) para acelerar el crecimiento con la entrada de un socio minority.,Sacyr,Santander and Deutsche Bank,Weak Rumor,2026,"La decisión de Sacyr coincide con la posición de los analistas que ven en la volatilidad geopolítica, inflación, los tipos de interés and las valoraciones razones de peso para que Sacyr gestione sin urgencia la sale de Voreantis. ",10/21/25,https://www.expansion.com/empresas/inmobiliario/2025/10/21/68f6bd71468aebd5368b45d0.html,PE Exit,Spain
Aviaction,Industry,Aviation Maintenance,n.a.,8,,"Aviaction specializes in engineering, manufacturing, and maintenance services for the aeronautical industry, with experience from AIRE and SERVITEC.","Buenavista Equity, New shareholder: Artá Capital
Partners","M&A: Greenhill
VDD- Deloitte",Closed,,,10/20/25,https://www.expansion.com/empresas/2025/10/20/68f5f230e5fdeae3678b4582.html,PE Exit,Spain
Exolum,Industry,Bulk Liquid Logistics,"1,000",n.d.,,"Leading operator in bulk liquid logistics (storage, pipelines, and aviation fuel supply) with a national and international network."," New shareholder: KKR (20%), CVC (25%), Omers (24,77%), Crédit Agricole (10%), APG (10%) and WSIB (10%)",n.a.,Closed,,,9/5/25,https://www.eleconomista.es/energia/noticias/13532787/09/25/kkr-compra-a-macquarie-el-20-de-exolum-el-dueno-de-los-oleoductos-de-espana.html,PE Exit,Spain
Imedexsa,Industry,Electrical Infrastructure,107,20,,"Manufacturer de metal structures and torres para electrificación and networks, con capacidades avanzadas de diseño and production",GPF Capital (Majority). New shareholder: Semapa,Nomura,Closed,,,7/29/25,https://www.expansion.com/empresas/energia/2025/07/29/688806f2468aebdd388b458d.html,n.a ,Spain
Pizarras Ortegal,Industry,Mining,2,,- ,Slate extraction mine,Participaciones Mineras del Noroeste,Kaazar Capital,Phase II,,,7/8/25,https://www.eleconomista.es/industria/noticias/13454510/07/25/los-duenos-valencianos-de-la-mina-pizarras-ortegal-buscan-socios-tras-comprarla-a-amper.html,Majority Stake Sale,Spain
TSK,Industry,Infraestructura ,"1,012",65,6% ,"Company internacional leader en ejecución de proyectos EPC en los campos industriales, energéticos and medio ambientales.",Family (85%),"Santander and Stifel, VDD: Garrigues and KPMG",Phase I,Short / Medium Term,ACS interesado ,6/4/25,https://www.eleconomista.es/infraestructuras-servicios/noticias/13397312/06/25/acs-irrumpe-en-la-pugna-para-comprar-la-ingenieria-asturiana-tsk-y-rearmarse-en-el-negocio-industrial.html,PE Entry,Spain
Italcer Group,Industry,Ceramics,317,80,25% ,"Manufacturer de productos cerámicos interiores and exteriores de high quality, focused on azulejos residenciales and no residenciales de gama alta, and mobiliario de baño de lujo.","Azimut, Mindful Capital Partners, Miura Partners",M&A: Lazard,Closed,Medium Term,"Wienerberg nuevo accionista, Miura sale",3/23/23,https://www.eleconomista.es/capital-riesgo/noticias/12198661/03/23/Miura-y-Mindful-relanzan-con-Lazard-la-venta-del-gigante-azulejero-Italcer-por-hasta-800-millones.html,Company investing in hydrogen projects,Spain
Aquarius Cosmetics,Industry,Cosmetics,66,20,30% ,"La company barcelonesa está presente en más de 80 countries, entre ellos Estados Unidos and Canadá, si bien el mercado nacional supone más del 40% de las sales. Sus productos comprenden cuidado personal, maquillaje adulto, cosmetica infantil and fragancias",,Albia IMAP,Confirmed,,,5/29/25,https://www.eleconomista.es/capital-riesgo/noticias/13932115/05/26/aquarius-cosmetic-entra-en-el-radar-de-los-fondos-de-capital-privado.html ,PE Exit,Spain
Astara Mobility,Industry,Alquiler de vehiculos,"5,210",305,6% ,"Ecosistema de mobility abierta (acquisition de vehículos, suscripción/pago por uso and soluciones para companys) con presencia en 19 countries.",Group Berger (75%); Mitsubishi Corporation (25%),Lazard,Confirmed,Medium / Long Term,"Salida a bolsa fallida, buscan nuevos inversores que entren en el capital",4/28/25,https://www.expansion.com/empresas/motor/2025/04/27/680e7cd7e5fdea3c1a8b45a7.html,n.a ,Spain
Rocersa Ceramica,Industry,Ceramics,73,9,12% ,"Manufacturer cerámico leader en Spain, comprometido con el diseño and la tecnología de vanguardia en todas sus ofertas.",Avenue Capital,"M&A: Lazard, FVDD: EY",Confirmed,,,3/10/25,https://www.eleconomista.es/capital-riesgo/noticias/13259330/03/25/avenue-capital-activa-su-salida-de-rocersa-y-ficha-a-lazard-para-buscar-comprador.html,n.a ,Spain
EfectoLED,Industry,Iluminacion,69,10,14% ,Especializada en el sector de iluminación and electricidad; fuerte presencia europea en más de 12 countries.,"Founders, Miura Partners","M&A: Houlihan, VDD: EY",Confirmed,,,1/22/25,https://www.expansion.com/empresas/2025/01/22/678ff638468aeb0b7b8b4591.html,n.a ,Spain
Linares Biodiésel Technology (Libitec),Industry,Biocombustibles,132,30,23% ,Productor de biodiésel que utiliza subproductos oleaginosos and grasas animales; focused on la valorización de residuos and combustibles verdes.,Soluciones Industriales Extremeñas,Nomura,Confirmed,,>1 year sin noticias,5/21/24,https://www.expansion.com/empresas/energia/2024/05/21/664bcce8e5fdeafc068b4580.html,PE Exit,Spain
Engineered Fire Piping,Industry,Sistemas anti-incendios,80,13,16% ,Company de sistemas de protección against incendios dedicated tol diseño and manufacturing de instalaciones de protección activa.,"Talde Private Equity (50%), Founders (50%)","Alantra, FDD: KPMG",Strong Rumor,,"Deal valorado en 100 m €, uno de los founders quiere hacer cash out, ebitda con tendencia a la baja en los ultimos 3 years, proceso que no consigue despegar",7/19/23,https://www.eleconomista.es/capital-riesgo/noticias/12374771/07/23/pai-partners-ultima-la-compra-a-talde-del-lider-espanol-en-proteccion-contra-incendios.html,,Spain
Ubis,Industry,Adesivos,126,27,21% ,"Company española leader, con presencia en unos 70 countries, specialized in la manufacturing de cintas adhesivas de embalaje and enmascarado.","Espiga Equity Found (35%), Mikleba Beteilingungs, A.G (28%)","Norgestion (M&A), EY (VDD)",Confirmed,,>3 years sin noticias,3/3/22,https://www.eleconomista.es/empresas-finanzas/noticias/11645892/03/22/Espiga-arranca-la-subasta-de-Ubis-con-una-valoracion-de-200-millones.html,PE Entry,Spain
Minderest,Technology,Retail Tech,10,3,30% ,"Company specialized in inteligencia de precios and surtido para retailers. Dos productos: Minderest; Permite a retailers and manufacturers rastrear en tiempo real los precios, promociones and stock de sus competidores en cualquier web, marketplace o comparado, Reactev; Software de price management para retailers, respetando condiciones de margen, volumen, packs and dependencias entre productos",Founders,Blue Bull,Weak Rumor,,,6/3/26,,,
Medux,Technology,Telecom analytics,14,4,29% ,"Su tecnología propietaria multiplataforma, capaz de evaluar la calidad del servicio digital en networks móviles and fijas, combina recolección masiva de datos así como robots de medición. Estas capacidades ya están siendo utilizadas por operatores, reguladores and companys para supervisar el rendimiento del servicio, garantizar el cumplimiento normativo and apoyar la toma de decisiones estratégicas","BTS (36%), CEO (21%), Inveready (20%)",Lincoln,Strong Rumor,,"Medux colabora con algunos de los principales operatores de telecomunicaciones del mundo, incluyendo Telefónica, Vodafone, AT&T, Orange, Claro, etc. and con numerosos reguladores and Gobiernos",6/3/26,,,
Legalitas,Technology,"Legal Advisory (B2B), LegalTech",80,25,31% ,"Provider de asesorías legales en un gran variedad de ámbitos (cancelaciones, seguros, reclamaciones, procesos judiciales), ofreciendo un servicio económico and personalizado","Portobello Capital (Mayoritario), Silver Summit Capital ( Minoritario)",Greenhill ,Phase I,,Parece que la vuelven a sacar al mercado con una valuation de 700 M,5/5/26,https://cincodias.elpais.com/companias/2026-05-05/portobello-lanza-la-venta-de-legalitas-con-una-valoracion-de-700-millones-de-euros.html,,
EsPúblico,Technology,Software AAPP,70,38,54% ,"EsPublico es un group tecnológico español fundado en 2001 que está specialized in la prestación de servicios a la administración local, es decir, a los ayuntamientos. Tiene dos ramas principales de actividad, la vinculada al development de contenidos para la administración local and otra dedicated tol development de diferentes software solutions para los ayuntamientos and la gestión ciudadana.","TA Associates (76%), Ángel Asín (20%), Tresmares (2%)",JP Morgan,Confirmed,Medium / Long Term,"Todavía en etapa muy inicial, no tienen prisa para vender. Incertidumbre con las companys de software con el tema de la IA. TA compró la company por 500 millones",2/25/26,https://www.expansion.com/empresas/2026/02/25/699df958468aeb4d7d8b458e.html,,
GTD ( Carve out Defensa) ,Technology,Software Engineering,40,3.5,9% ,"GTD specializes in ingeniería de sistemas and sofware para la industria espacial and tambien otros sectores como la defensa, logistics and ciencia,",,You are Capital,Strong Rumor,,,2/12/26,,,
MN Program,Technology,Software Backoffice Mngmnt,9,4,44% ,"La plataforma de la company permite managesr tareas diarias como proyectos, contactos, facturación, correos electrónicos and documentación necesaria para abogados, clínicas, dentistas, consultorías, centros de formación and otros profesionales. Permitiéndoles integrar múltiples procesos and mejorar la productividad and el control de sus operaciones del día a día.",Queka Real Partners (minority),PWC,Confirmed,,,2/12/26,https://www.eleconomista.es/capital-riesgo/noticias/13874424/04/26/mn-program-prepara-su-venta-ante-el-apetito-de-los-fondos-por-los-software-empresariales.html,,
Housfy,Technology,Marketplace Real Estate,45,7,16% ,"Plataforma que engloba todos los servicios referentes a la vivienda: acquisitionsale de inmuebles, intermediation hipotecaria, alquiler residencial and servicios del hogar, tales como reformas o mudanzas",,KPMG,Strong Rumor,,,2/12/26,,,
t2ó,Technology,Digital Marketing,145,11,8% ,"La company offers servicioos para mejorar la efectividad del marketing digital de las companys. Se especializan en mejorar los ratios de captación, conversión and fidelización de los clientes. Para ello usan su expertise en herramientas and estrategia digital para extraer and analizar los datos de forma pertinente",Aurica (30%),,Strong Rumor,,,2/12/26,,,
Immfly,Technology,Flight connectivity and entertainment software,38,5.1,13% ,"Immfly es una company española specialized in soluciones digitales a bordo para aerolíneas, con una plataforma integrada que combina conectividad Wi-Fi en vuelo (antenas ligeras compatibles con cualquier tipo de aeronave), entretenimiento a bordo (películas, contenido digital) and retail onboard (sale de productos antes, durante and después del vuelo). Su propuesta de valor se centra en mejorar la experiencia del pasajero mientras genera ingresos adicionales para las aerolíneas and optimiza sus costes operativos","Founders (43.44%) AE ventures (15.73%), Caixa Capital Risc (9.3%), Gate Group Holdings (8%), ",GP Bullhound,Exclusivity,,"Implementado en +2800 aviones, trabajan con +50 aerolíneas, 400M de pasajeros al year usan sus servicios ",6/10/26,https://www.eleconomista.es/capital-riesgo/noticias/13909724/05/26/immfly-proveedor-de-software-para-aerolineas-ficha-gp-bullhound-para-buscar-comprador.html ,,
Ubimia (ex PFS),Technology,Financial Software,60,20,33% ,"Desarrollan software solutions para la gestión del riesgo de crédito, gestión de facturas, gestión de activos. Con un enfoque fuerte en la automatización and uso de IA para agilizar sus procesos. Tienen 5 líneas de negocio","Anacap, Tresmares (private Debt)",,Strong Rumor,,"31% de crecimiento de las sales YoY, depués del cambio de imagen and consolidacion de los servicios bajo una marca. CAGR 21-25 del 33% para el revenue, Dos adquisiciones una en Francia and otra en Alemania completadas en 2025. +26% de crecimiento de los ARR YoY. 45% del revenue viene de fuera de esp",2/12/26,,,
CM Computer,Technology,Teconlogía para defensa,10,5,50% ,"El manufacturer español de sistemas electrónicos embebidos para aplicaciones militares and aeroespaciales, specialized in módulos VMEbus (procesadores, I/O, gráficos) and carcasas ATR ruggedizadas con gestión térmica avanzada. Cuenta con las certiifcacions del DoD, NATO, Dirección General del Armamento",Founder,AZ Capital,Confirmed,,"El elemento clave es que estos ordenadores operan en ambientes muy duros (temperaturas extremas, vibraciones altas), and además tienen que ser modulares para adaptarse a la funcionalidad requerida (Sistema de tiro, control de vuelo, etc) 52% de sus clientes son norteamericanos and 31% europeos",2/11/26,https://www.expansion.com/empresas/2026/02/10/698a3763468aeb9a708b45a5.html ,,
Doofinder,Technology,Search Software Development,20,5,25% ,"Desarrolla un motor de búsqueda inteligente para e-comerce. Colaboran con grandes marcas, para mejorar la busqueda en sus paginas web. Resultados más pertinentes, mayor velocidad, integrando a la IA en los procesos",Iván Navas and Enrique Martín (70%),Alvarez & Marshal,Confirmed,,La company tiene >12000 clientes distribuidos en 85 countries,1/19/26,https://www.eleconomista.es/capital-riesgo/noticias/13729641/01/26/la-tecnologica-doofinder-sale-a-la-venta-al-calor-del-boom-del-comercio-electronico.html,,
Logalty,Technology,Legaltech,45,14,31% ,"Leading Spanish provider of trust services in the LegalTech sector, dedicated to the creation and preservation of digital evidence through an interposition model.","MCH, Ardian","M&A: Houlihan Lokey and Bluebull FDD: KPMG, CDD: BiP, DD: EY",Phase II,,Advent International and Nordic Captital han hecho binding offers,12/5/25,https://www.expansion.com/empresas/2025/12/03/692f64bde5fdeae9418b458c.html,,
NPAW,Technology,Data Analytics,24,8,33% ,"Company providing advanced analytics and business intelligence solutions for the video streaming industry, helping optimize content and user experience.",Suma Capital,GP Bullhound,Confirmed,,"La eventual operación corporativa, en cualquier caso, is aún en una etapa inicial and no se contactará con potenciales interesteds en el group hasta que se hayan cerrado las cuentas de 2025.",12/1/25,https://www.expansion.com/empresas/2025/12/01/692d4aece5fdeab43f8b4578.html,,
Typeform,Technology,Formularios Online,70,2,3% ,Developer de formularios online and anlisis de datos,Founder,,Weak Rumor,,"Se rumorea que hay conversaciones de una posible acquisición por parte de Bending Spoons, fuente: Pitchbook",11/6/25,https://my.pitchbook.com/profile/58818-79/company/profile#general-info,,
Beedigital (formerly Paginas Amarillas),Technology,Digital Marketing,65,20,,Provides advertising and digital marketing services through SaaS solutions for SMEs.,Metric Capital Evolvere Partners,M&A: GP Bullhound Arma Partners (Mediobanca),Cancelled,,,6/17/25,https://www.eleconomista.es/capital-riesgo/noticias/13417023/06/25/metric-cancela-por-segunda-vez-la-venta-de-la-antigua-paginas-amarillas.html,,
VASS,Technology,Technology Consulting,356,n.d.,#VALUE!,"Global provider of technology and engineering services, focused on digitalization and multi-sector technology consulting.",One Equity Partners (Majority); Founder,,Strong Rumor,,"El CEO afirma que quieren seguir siendo independientes, pero One Equity Partners entró en 2020, se va cerrando el ciclo de inversión",11/4/25,,,
Excom,Technology,Telecommunications,45,11,24% ,"Operator de telecomunicaciones rurales en Spain (fibra, móvil, Wimax and TV), con red propia and atención al cliente local.",Formentor Capital (73%); Family (24%); Management (3%),Evercore,Phase II,,"Masoragne and vodafone interesteds en la acquisition, EV 130-150 M €",10/21/25,https://www.expansion.com/empresas/tecnologia/masorange/2025/10/21/68f77682e5fdea0e498b4596.html,,
Evolutio,Technology,Cloud/Ciberseguridad,400,30,8% ,"Provider de servicios de nube and ciberseguridad para grandes cuentas and administraciones públicas en Spain, con más de 30 years de experiencia.",Portobello Capital (Mayoritario),Natixis,Confirmed,2026,,9/23/25,https://www.elconfidencial.com/empresas/2025-09-23/portobello-venta-evolutio-caerse-negociacion-inetum_4213941/,,
Ingenostrum (Ahora Nostrum Group),Technology,Teleco/Data Centers,400,n.d.,#VALUE!,"Marca integrada en The Nostrum Group, dedicated tol development de infraestructuras energéticas and data centers, con foco en la transición energética.",Andera Partners (Minority); Founder (Majority); Guayepo Sociedad Limitada (Minority),BBVA,Confirmed,,Buscan de forma activa socios para que entren en el capital,4/3/25,https://www.eleconomista.es/tecnologia/noticias/13299834/04/25/gabriel-nebreda-ingenostrum-buscamos-socios-para-captar-400-millones-con-el-reto-de-crear-data-centers-en-cuatro-comunidades.html,,
Minsait,Technology,Technology Consulting,2517,201,8% ,"Consultora TI enfocada en transformación digital, implementación and consultoría companyrial.",Indra Sistemas (listed and SEPI),M&A: Citi & AZ Capital; FVDD: KPMG,Weak Rumor,,"Desde Indra niegan que Minsait esté a la sale, inclusive buscan integrarla aún más (representa 2/3 del revenue de Indra)",4/1/25,https://www.elconfidencial.com/empresas/2025-04-01/apax-contrata-pepe-blanco-compra-minsait-indra_4098611/,,
Keepler,Technology,Technology Consulting,17,negativo,#VALUE!,Consutora Tecnológica specialized in Data e Inteligencia Artificial,DTCP (minoritario),"Société Générale (Michael Herrmann, Damien Amzel)",Closed,,"""Bench"" ultra élevé qui explique la; différence margin",4/8/26,https://es.investing.com/news/stock-market-news/accenture-adquiere-keepler-data-tech-para-impulsar-su-negocio-de-ia-y-datos-en-espana-3594748,,
Filmin,Technology,Streaming,30,n.a.,#VALUE!,"Plataforma de streaming española specialized in cine de autor, películas independientes and documentales, con un catálogo diverso and de high quality en Spain and Portugal.","Nazca (60%), Seaya (25%)","M&A: Arcano, FVDD: PwC",Confirmed,2026,,1/14/25,https://www.expansion.com/empresas/2025/01/14/6785986ae5fdea472d8b4597.html,,
Ayesa (IT),Technology,Technology Consulting,900,100,,"Global provider of technology and engineering services, focused on digitalization and multi-sector technology consulting.",A&M Capital Europe (AMCE),"Houlihan Lokey and JB Capital, FDD: Deloitte",Closed,,"Fundación BBK competes in the process de la technology division against tres private equity managers: HIG, Blackstone and CapVest",1/1/26,https://www.expansion.com/empresas/2026/01/01/69564d14e5fdea91768b456d.html,,
ACS Construction (Data Center),Technology,Data Centers,"1,000",n.d.,,"Construction group that has oriented its activity toward the development of data centers, for example in Aragón/Zaragoza and Madrid, through Iridium.",ACS,,Exclusivity,Matter of Days,"ACS mantiene advanced negotiations con the US fund manager GIP (Global Infrastructure Partners), owned by BlackRock,",11/13/25,https://www.eleconomista.es/infraestructuras-servicios/amp/13563699/acs-negocia-dar-entrada-a-gip-en-su-plataforma-de-centros-de-datos-y-energia,,
Grupo Solitium,Technology,"Software Development, IT Consulting",283,n.a.,,"The company offers IT support services and office equipment (automation, 3D printing, and business software).","ProA Capital, New owner: Koesio",Houlihan Lokey,Closed,,,10/30/25,https://www.expansion.com/empresas/2025/10/30/69039c52468aebac648b4592.html,,
Lexer,Technology,"Legal Advisory (B2B), LegalTech",33,5,,"Provider de servicios legales and de recuperación, se especializan en litigios, deuda and defensa en procesos judiciales. ","Silver lake, New owner: Cleon Capital Advisors",Lazard,Closed,,,10/24/25,https://www.eleconomista.es/capital-riesgo/noticias/13609168/10/25/cleon-cierra-la-compra-de-lexer-al-fondo-estaodunidense-silver-lake.html,,
Emotion Mobility,Technology,Software Development,13,6,,Provider global leader de software de gestión de flotas para las industrias de alquiler and automoción.,Iberica Partners,"M&A: Cuatrecasas, VDD: Alvarez & Marshal",Closed,,Comprado por PSG Equity,9/29/25,https://www.cuatrecasas.com/en/global/art/psg-equity-acquired-emotion-mobility-leading-global-cloud-based-mobility-company,,
Adsmurai,Technology,Digital Marketing,22,8,,"Adsmurai es una technology company que offers soluciones de marketing digital, focused on social media advertising and campaign automation. Su plataforma ayuda a brands and agencies a managesr, optimizar and escalar su publicidad en múltiples canales digitales.","Founders, Seaya (minority)",TH Global Capital,Closed,,,9/9/25,https://www.adsmurai.com/es/sala-de-prensa/seaya-invierte-en-adsmurai-expansion-internacional-ia,,
UVE,Technology,Data Analytics,15,4,,"UVE specializes in proveer soluciones de inteligencia basadas en datos para optimizar estrategias de commercialization, ayudando a las companys a entender tendencias de mercado, comportamiento del consumidor and canales de distribution mediante analítica avanzada.",Founder and Keensight (majority), Houlihan Lokey and Cuatrecasas,Closed,,,7/31/25,https://www.expansion.com/catalunya/2025/07/31/688bb77a468aeb6f3a8b45a5.html,,
Adevinta (Spanish Business),Technology,Marketplaces,130,n.d.,,"Operator de marketplaces digitales en Spain (Milanuncios, Fotocasa, Habitaclia, InfoJobs, coches.net, motos.net); su negocio español has been sold a EQT.",Adevinta,Goldman Sachs and LionTree,Closed,,,7/21/25,https://adevinta.com/es/notas-de-prensa/adevinta-anuncia-la-venta-de-sus-negocios-en-espana-a-eqt/,,
vLex,Technology,Databases,10,2,,"vLex offers legal information and research tools, with access to a wide range of legal documents, case law, regulations, and journals. Its platform is used by legal professionals, researchers, and law firms to optimize legal research and stay updated globally.","Oakley, New owner; Clio","Mandate a JPMorgan, VDD: EY and A&M",Closed,,https://cincodias.elpais.com/companias/2025-09-09/plain-concepts-compra-la-britanica-ardanis-y-acelera-la-expansion-internacional-de-su-negocio-de-servicios-tecnologicos.html,6/30/25,https://www.expansion.com/empresas/2025/06/30/686007cae5fdea0f248b4578.html,,
Plain Concepts,Technology,Software Development,60,13,22% ,Technology consulting firm specialized in the development of software solutions.,"ABE Capital Partners SGEIC (60%), Private Owners (40%)",Houlihan Lokey,Postponed,2026,The company continues growing inorganically to increase valuation,3/25/25,https://www.eleconomista.es/capital-riesgo/noticias/13284571/03/25/el-fondo-vasco-abe-capital-pone-a-la-venta-plain-concepts.html,,
,,,,,,,,,,,,,,,
,,,,,,,,,,,,,,,
,,,,,,,,,,,,,,,
,,,,,,,,,,,,,,,
,,,,,,,,,,,,,,,
,,,,,,,,,,,,,,,
,,,,,,,,,,,,,,,
,,,,,,,,,,,,,,,
,,,,,,,,,,,,,,,
,,,,,,,,,,,,,,,
,,,,,,,,,,,,,,,
,,,,,,,,,,,,,,,
,,,,,,,,,,,,,,,
,,,,,,,,,,,,,,,
,,,,,,,,,,,,,,,
,,,,,,,,,,,,,,,
,,,,,,,,,,,,,,,
,,,,,,,,,,,,,,,
,,,,,,,,,,,,,,,
,,,,,,,,,,,,,,,
,,,,,,,,,,,,,,,
,,,,,,,,,,,,,,,
,,,,,,,,,,,,,,,
,,,,,,,,,,,,,,,
,,,,,,,,,,,,,,,
,,,,,,,,,,,,,,,
,,,,,,,,,,,,,,,
,,,,,,,,,,,,,,,
,,,,,,,,,,,,,,,
,,,,,,,,,,,,,,,
,,,,,,,,,,,,,,,
,,,,,,,,,,,,,,,
,,,,,,,,,,,,,,,
,,,,,,,,,,,,,,,
,,,,,,,,,,,,,,,
,,,,,,,,,,,,,,,
,,,,,,,,,,,,,,,
,,,,,,,,,,,,,,,
,,,,,,,,,,,,,,,
,,,,,,,,,,,,,,,
,,,,,,,,,,,,,,,
,,,,,,,,,,,,,,,
,,,,,,,,,,,,,,,
,,,,,,,,,,,,,,,
,,,,,,,,,,,,,,,
,,,,,,,,,,,,,,,
,,,,,,,,,,,,,,,
,,,,,,,,,,,,,,,
,,,,,,,,,,,,,,,
,,,,,,,,,,,,,,,
,,,,,,,,,,,,,,,
,,,,,,,,,,,,,,,
,,,,,,,,,,,,,,,
,,,,,,,,,,,,,,,
,,,,,,,,,,,,,,,
,,,,,,,,,,,,,,,
,,,,,,,,,,,,,,,
,,,,,,,,,,,,,,,
,,,,,,,,,,,,,,,
,,,,,,,,,,,,,,,
,,,,,,,,,,,,,,,
,,,,,,,,,,,,,,,
,,,,,,,,,,,,,,,
,,,,,,,,,,,,,,,
,,,,,,,,,,,,,,,
,,,,,,,,,,,,,,,
,,,,,,,,,,,,,,,
,,,,,,,,,,,,,,,
,,,,,,,,,,,,,,,
,,,,,,,,,,,,,,,
,,,,,,,,,,,,,,,
,,,,,,,,,,,,,,,
,,,,,,,,,,,,,,,
,,,,,,,,,,,,,,,
,,,,,,,,,,,,,,,
,,,,,,,,,,,,,,,
,,,,,,,,,,,,,,,
,,,,,,,,,,,,,,,
,,,,,,,,,,,,,,,
,,,,,,,,,,,,,,,
,,,,,,,,,,,,,,,
,,,,,,,,,,,,,,,
,,,,,,,,,,,,,,,
,,,,,,,,,,,,,,,
,,,,,,,,,,,,,,,
,,,,,,,,,,,,,,,
,,,,,,,,,,,,,,,
,,,,,,,,,,,,,,,
,,,,,,,,,,,,,,,
,,,,,,,,,,,,,,,
,,,,,,,,,,,,,,,
,,,,,,,,,,,,,,,
,,,,,,,,,,,,,,,
,,,,,,,,,,,,,,,
,,,,,,,,,,,,,,,